<?xml version="1.0" encoding="UTF-8"?>
<project-private xmlns="http://www.netbeans.org/ns/project-private/1">
    <editor-bookmarks xmlns="http://www.netbeans.org/ns/editor-bookmarks/2" lastBookmarkId="0"/>
    <open-files xmlns="http://www.netbeans.org/ns/projectui-open-files/2">
        <group>
            <file>file:/Users/carloscujcuj/Desktop/CE/Java/JflexYCupCalc/src/Analizadores/A_Sintactico.cup</file>
            <file>file:/Users/carloscujcuj/Desktop/CE/Java/JflexYCupCalc/src/Analizadores/ASintactico.java</file>
            <file>file:/Users/carloscujcuj/Desktop/CE/Java/JflexYCupCalc/src/Analizadores/A_Lexico.jflex</file>
        </group>
    </open-files>
</project-private>
